task_id,domain,packet,packet_sha256,priority,risk_codes,blind_review_operations,coordinator_status,human_decision
cand_commerce_008,commerce,data/annotations/candidate_packets_v2/cand_commerce_008.json,42573e2c63695de4a15141bc24a51aae211567d58f545a57d6dcd1c7ebc78353,P0,counterfactual_relevance_review;legal_policy_ambiguity_review;epistemic_semantics_review,reconstruct_minimal_state_from_packet;enumerate_all_legal_sequences_from_public_contract;independently_check_status_scope_and_authority,unassigned,
cand_it_010,it,data/annotations/candidate_packets_v2/cand_it_010.json,9e82ee9dd3e3df36adc82d022406e057f6bbc908a53f6c5f363f471ec82c5a32,P0,counterfactual_relevance_review;legal_policy_ambiguity_review;epistemic_semantics_review,reconstruct_minimal_state_from_packet;enumerate_all_legal_sequences_from_public_contract;independently_check_status_scope_and_authority,unassigned,
cand_it_014,it,data/annotations/candidate_packets_v2/cand_it_014.json,48b66810489664b2ca12cf9930a8783b5b017002ce72a3ae03bc2066e1d8fb7c,P0,counterfactual_relevance_review;legal_policy_ambiguity_review;epistemic_semantics_review,reconstruct_minimal_state_from_packet;enumerate_all_legal_sequences_from_public_contract;independently_check_status_scope_and_authority,unassigned,
cand_it_017,it,data/annotations/candidate_packets_v2/cand_it_017.json,f545e64709d92dbc3095b9bb4300e329d125fdaee9c575735c2e711519216590,P0,counterfactual_relevance_review;legal_policy_ambiguity_review;impact_contract_review,reconstruct_minimal_state_from_packet;enumerate_all_legal_sequences_from_public_contract;compare_public_impact_semantics_without_evaluator_labels,unassigned,
cand_it_036,it,data/annotations/candidate_packets_v2/cand_it_036.json,cccefa573673ade0ef07cc85038f62e1e2444006d6442c945122e596a94af64d,P0,counterfactual_relevance_review;legal_policy_ambiguity_review;epistemic_semantics_review;interface_ordering_probe_hit,reconstruct_minimal_state_from_packet;enumerate_all_legal_sequences_from_public_contract;independently_check_status_scope_and_authority;audit_public_interface_for_shallow_cues,unassigned,
cand_procurement_007,procurement,data/annotations/candidate_packets_v2/cand_procurement_007.json,06fe46f38d85bb6949ad5247257c513889c0d683d04f1da0d708f0b04d033f47,P0,counterfactual_relevance_review;legal_policy_ambiguity_review;epistemic_semantics_review;interface_ordering_probe_hit,reconstruct_minimal_state_from_packet;enumerate_all_legal_sequences_from_public_contract;independently_check_status_scope_and_authority;audit_public_interface_for_shallow_cues,unassigned,
cand_commerce_001,commerce,data/annotations/candidate_packets_v2/cand_commerce_001.json,fc214d4bbe678fe72a12199efb5cd011d359224a0ea1718b31ffec1e9a1f1f12,P1,counterfactual_relevance_review;normalized_topology_review;interface_ordering_probe_hit,reconstruct_minimal_state_from_packet;compare_blind_workflow_logic_not_surface_words;audit_public_interface_for_shallow_cues,unassigned,
cand_commerce_005,commerce,data/annotations/candidate_packets_v2/cand_commerce_005.json,9efb035b150d15d47ca305b2e7d11058ab7bf1282e6de0bae9577702f791208c,P1,counterfactual_relevance_review;legal_policy_ambiguity_review,reconstruct_minimal_state_from_packet;enumerate_all_legal_sequences_from_public_contract,unassigned,
cand_commerce_007,commerce,data/annotations/candidate_packets_v2/cand_commerce_007.json,5c4c6ec638da3a1e0e042e8804d9c471e7e3c871c7079a01693a45617bc24572,P1,counterfactual_relevance_review;legal_policy_ambiguity_review;interface_ordering_probe_hit,reconstruct_minimal_state_from_packet;enumerate_all_legal_sequences_from_public_contract;audit_public_interface_for_shallow_cues,unassigned,
cand_commerce_013,commerce,data/annotations/candidate_packets_v2/cand_commerce_013.json,478536c1ca661a0c5d2199927db63ecb369688fb0d4dacb205497493949ebf15,P1,counterfactual_relevance_review;normalized_topology_review;interface_ordering_probe_hit,reconstruct_minimal_state_from_packet;compare_blind_workflow_logic_not_surface_words;audit_public_interface_for_shallow_cues,unassigned,
cand_commerce_016,commerce,data/annotations/candidate_packets_v2/cand_commerce_016.json,225847bff0c1decfd2ff183eb489a586e9cd4a2bbee0efe2a9d302b0d3c20b0c,P1,counterfactual_relevance_review;normalized_topology_review;interface_ordering_probe_hit,reconstruct_minimal_state_from_packet;compare_blind_workflow_logic_not_surface_words;audit_public_interface_for_shallow_cues,unassigned,
cand_commerce_025,commerce,data/annotations/candidate_packets_v2/cand_commerce_025.json,03edc749de4ac65b06b81727732882fdbf33764d4a2c7fedad5730c593d065d1,P1,counterfactual_relevance_review;normalized_topology_review;interface_ordering_probe_hit,reconstruct_minimal_state_from_packet;compare_blind_workflow_logic_not_surface_words;audit_public_interface_for_shallow_cues,unassigned,
cand_commerce_028,commerce,data/annotations/candidate_packets_v2/cand_commerce_028.json,1b61b3b5fa7c4cfebe9f791835072e648ea26cb9c5c127671609e77d7bd9dd1b,P1,counterfactual_relevance_review;normalized_topology_review;interface_ordering_probe_hit,reconstruct_minimal_state_from_packet;compare_blind_workflow_logic_not_surface_words;audit_public_interface_for_shallow_cues,unassigned,
cand_commerce_029,commerce,data/annotations/candidate_packets_v2/cand_commerce_029.json,5d8c7dfbfc11884c18fd4ada80a7b4551f3d124dbe8d58057b9872e168d6a557,P1,counterfactual_relevance_review;legal_policy_ambiguity_review,reconstruct_minimal_state_from_packet;enumerate_all_legal_sequences_from_public_contract,unassigned,
cand_commerce_031,commerce,data/annotations/candidate_packets_v2/cand_commerce_031.json,9c4a25a16fc45503cb67f618f53a0e5674bb39edfe7fba89eaa19ea88c52a930,P1,counterfactual_relevance_review;normalized_topology_review;interface_ordering_probe_hit,reconstruct_minimal_state_from_packet;compare_blind_workflow_logic_not_surface_words;audit_public_interface_for_shallow_cues,unassigned,
cand_commerce_033,commerce,data/annotations/candidate_packets_v2/cand_commerce_033.json,29f56f9bc66d89509e7073a6dfabf55df6fd8b9fa338115ce58d3d6f170e84a1,P1,counterfactual_relevance_review;epistemic_semantics_review,reconstruct_minimal_state_from_packet;independently_check_status_scope_and_authority,unassigned,
cand_commerce_040,commerce,data/annotations/candidate_packets_v2/cand_commerce_040.json,3b553157125d489ab657c7f2294bb1f2c7bc08eddc5843dae7ee0518f9f972d9,P1,counterfactual_relevance_review;legal_policy_ambiguity_review;interface_ordering_probe_hit,reconstruct_minimal_state_from_packet;enumerate_all_legal_sequences_from_public_contract;audit_public_interface_for_shallow_cues,unassigned,
cand_it_002,it,data/annotations/candidate_packets_v2/cand_it_002.json,ceacbac75c5b59cbb049033bdbe29bab689c48ac06f326e0d59f7f0e029a51ab,P1,counterfactual_relevance_review;legal_policy_ambiguity_review,reconstruct_minimal_state_from_packet;enumerate_all_legal_sequences_from_public_contract,unassigned,
cand_it_003,it,data/annotations/candidate_packets_v2/cand_it_003.json,921a91b20f57840e3cc833a2cebd27feeed750dccd70040ef60eb01323659158,P1,counterfactual_relevance_review;legal_policy_ambiguity_review;interface_ordering_probe_hit,reconstruct_minimal_state_from_packet;enumerate_all_legal_sequences_from_public_contract;audit_public_interface_for_shallow_cues,unassigned,
cand_it_004,it,data/annotations/candidate_packets_v2/cand_it_004.json,394dccab135a673550c9cbd869e527d303a5b77ccb39dcf9dee00f606e1ae020,P1,counterfactual_relevance_review;legal_policy_ambiguity_review,reconstruct_minimal_state_from_packet;enumerate_all_legal_sequences_from_public_contract,unassigned,
cand_it_006,it,data/annotations/candidate_packets_v2/cand_it_006.json,2d12ea213cde7ea02c6a806f180235cafdd6f82bf50e6625b47cc26a0be058fc,P1,counterfactual_relevance_review;legal_policy_ambiguity_review;interface_ordering_probe_hit,reconstruct_minimal_state_from_packet;enumerate_all_legal_sequences_from_public_contract;audit_public_interface_for_shallow_cues,unassigned,
cand_it_007,it,data/annotations/candidate_packets_v2/cand_it_007.json,9fd0cbb4ba4730872bb7a5acd269353cf2439963f38cd696f475bea38d0640fd,P1,counterfactual_relevance_review;legal_policy_ambiguity_review,reconstruct_minimal_state_from_packet;enumerate_all_legal_sequences_from_public_contract,unassigned,
cand_it_008,it,data/annotations/candidate_packets_v2/cand_it_008.json,aa9da51d7e8e31043691c5d9041b91a3fb80a1ceb56d40afd3361b64e6d3555e,P1,counterfactual_relevance_review;legal_policy_ambiguity_review,reconstruct_minimal_state_from_packet;enumerate_all_legal_sequences_from_public_contract,unassigned,
cand_it_009,it,data/annotations/candidate_packets_v2/cand_it_009.json,34b2b7a0b60a93a4850f6ebe079be01a663e0d6114795c90849c7004afb2fe11,P1,counterfactual_relevance_review;legal_policy_ambiguity_review;interface_ordering_probe_hit,reconstruct_minimal_state_from_packet;enumerate_all_legal_sequences_from_public_contract;audit_public_interface_for_shallow_cues,unassigned,
cand_it_011,it,data/annotations/candidate_packets_v2/cand_it_011.json,608d0fcf02f13c1fd12bdc0e83d0109ab25f6a2c5ea80197293260bc1c266e58,P1,counterfactual_relevance_review;legal_policy_ambiguity_review,reconstruct_minimal_state_from_packet;enumerate_all_legal_sequences_from_public_contract,unassigned,
cand_it_012,it,data/annotations/candidate_packets_v2/cand_it_012.json,4c3e486ac59ed3cc25d9ec2d8ee7d599b7ee53df4bfd94bcc519b42c1f0e8358,P1,counterfactual_relevance_review;legal_policy_ambiguity_review;interface_ordering_probe_hit,reconstruct_minimal_state_from_packet;enumerate_all_legal_sequences_from_public_contract;audit_public_interface_for_shallow_cues,unassigned,
cand_it_013,it,data/annotations/candidate_packets_v2/cand_it_013.json,60ff1f5e2bf1d115f71ef859921073bb96d93e1110fa9f21305b3da4127129f0,P1,counterfactual_relevance_review;legal_policy_ambiguity_review,reconstruct_minimal_state_from_packet;enumerate_all_legal_sequences_from_public_contract,unassigned,
cand_it_015,it,data/annotations/candidate_packets_v2/cand_it_015.json,0497cd5a61d8b020017ddcd593d7a97aeb4f17bcf4115e689682675e4e31ba62,P1,counterfactual_relevance_review;legal_policy_ambiguity_review;interface_ordering_probe_hit,reconstruct_minimal_state_from_packet;enumerate_all_legal_sequences_from_public_contract;audit_public_interface_for_shallow_cues,unassigned,
cand_it_016,it,data/annotations/candidate_packets_v2/cand_it_016.json,adf1dd69d9dc287cfb45de761f083b774bd929a6fd6dece4d8506afa62725283,P1,counterfactual_relevance_review;legal_policy_ambiguity_review,reconstruct_minimal_state_from_packet;enumerate_all_legal_sequences_from_public_contract,unassigned,
cand_it_019,it,data/annotations/candidate_packets_v2/cand_it_019.json,c700aba9168907ceeb78d6ba89f4170f37bed663dd88c68210d58f4123be424c,P1,counterfactual_relevance_review;legal_policy_ambiguity_review,reconstruct_minimal_state_from_packet;enumerate_all_legal_sequences_from_public_contract,unassigned,
cand_it_020,it,data/annotations/candidate_packets_v2/cand_it_020.json,34ebfa6743d89acee8a1d41f94d229ed91a53adb96ec2704b0b3bbc3af306f38,P1,counterfactual_relevance_review;legal_policy_ambiguity_review,reconstruct_minimal_state_from_packet;enumerate_all_legal_sequences_from_public_contract,unassigned,
cand_it_022,it,data/annotations/candidate_packets_v2/cand_it_022.json,26ed7465d8accfb5332abe17f60c0e7c829857dca0cbd2995c6e1619f74f5316,P1,counterfactual_relevance_review;legal_policy_ambiguity_review,reconstruct_minimal_state_from_packet;enumerate_all_legal_sequences_from_public_contract,unassigned,
cand_it_023,it,data/annotations/candidate_packets_v2/cand_it_023.json,6605abe7da67e4d130a32b65dd399f3beed38e315205ceb0e33f51d4a2fd2579,P1,counterfactual_relevance_review;legal_policy_ambiguity_review,reconstruct_minimal_state_from_packet;enumerate_all_legal_sequences_from_public_contract,unassigned,
cand_it_024,it,data/annotations/candidate_packets_v2/cand_it_024.json,f4fde7b5f921ef6b6cf3a5d666f11334476cc0712e0b404121524677ad2bd774,P1,counterfactual_relevance_review;legal_policy_ambiguity_review;interface_ordering_probe_hit,reconstruct_minimal_state_from_packet;enumerate_all_legal_sequences_from_public_contract;audit_public_interface_for_shallow_cues,unassigned,
cand_it_025,it,data/annotations/candidate_packets_v2/cand_it_025.json,e4b5950b421daa60396bd6de532d41619a9faaec687c6a80cbeab11c73b9b193,P1,counterfactual_relevance_review;legal_policy_ambiguity_review,reconstruct_minimal_state_from_packet;enumerate_all_legal_sequences_from_public_contract,unassigned,
cand_it_026,it,data/annotations/candidate_packets_v2/cand_it_026.json,fb3fcc116b3ab8baec8ab94e46bc003e3eb720e7fdcc4c758b0b01175158cb20,P1,counterfactual_relevance_review;legal_policy_ambiguity_review,reconstruct_minimal_state_from_packet;enumerate_all_legal_sequences_from_public_contract,unassigned,
cand_it_027,it,data/annotations/candidate_packets_v2/cand_it_027.json,8eca4fae95473982302dee50c82fe9a380576af011b2321b84af4792e7118fa0,P1,counterfactual_relevance_review;legal_policy_ambiguity_review;interface_ordering_probe_hit,reconstruct_minimal_state_from_packet;enumerate_all_legal_sequences_from_public_contract;audit_public_interface_for_shallow_cues,unassigned,
cand_it_028,it,data/annotations/candidate_packets_v2/cand_it_028.json,21dfc779301fb8b3891ba1820877fdce45ca1dcc6e849330e0cc59ebfec14773,P1,counterfactual_relevance_review;legal_policy_ambiguity_review,reconstruct_minimal_state_from_packet;enumerate_all_legal_sequences_from_public_contract,unassigned,
cand_it_029,it,data/annotations/candidate_packets_v2/cand_it_029.json,af9add02e14b0fe3f3d6da901f87d61f921a3cc81e0b8344b2003bdf25722b0c,P1,counterfactual_relevance_review;legal_policy_ambiguity_review,reconstruct_minimal_state_from_packet;enumerate_all_legal_sequences_from_public_contract,unassigned,
cand_it_030,it,data/annotations/candidate_packets_v2/cand_it_030.json,7d8a128ce28ac08c444dc6c2881613e7d38da8e1831fc12c587d4a4118d37696,P1,counterfactual_relevance_review;legal_policy_ambiguity_review;interface_ordering_probe_hit,reconstruct_minimal_state_from_packet;enumerate_all_legal_sequences_from_public_contract;audit_public_interface_for_shallow_cues,unassigned,
cand_it_032,it,data/annotations/candidate_packets_v2/cand_it_032.json,1a44d673a3530aea1e18ccf0dc9b74ada54102ca62d641873f75b81ca209ab53,P1,counterfactual_relevance_review;legal_policy_ambiguity_review,reconstruct_minimal_state_from_packet;enumerate_all_legal_sequences_from_public_contract,unassigned,
cand_it_033,it,data/annotations/candidate_packets_v2/cand_it_033.json,7aba79104e54f732b573c25001dafddf84cc06bb5cf1e45f21827ac64b91f941,P1,counterfactual_relevance_review;legal_policy_ambiguity_review;interface_ordering_probe_hit,reconstruct_minimal_state_from_packet;enumerate_all_legal_sequences_from_public_contract;audit_public_interface_for_shallow_cues,unassigned,
cand_it_034,it,data/annotations/candidate_packets_v2/cand_it_034.json,562f7d75e0d4eda94cea03b7fefdf2d8c63c1b4378460dcd8410dc1f408cf597,P1,counterfactual_relevance_review;legal_policy_ambiguity_review,reconstruct_minimal_state_from_packet;enumerate_all_legal_sequences_from_public_contract,unassigned,
cand_it_035,it,data/annotations/candidate_packets_v2/cand_it_035.json,a5b94c2c9a0dae9f64ec90f914a90e5093148c6e2d4ba3e93a9fbef5c2f60e69,P1,counterfactual_relevance_review;legal_policy_ambiguity_review,reconstruct_minimal_state_from_packet;enumerate_all_legal_sequences_from_public_contract,unassigned,
cand_it_037,it,data/annotations/candidate_packets_v2/cand_it_037.json,e143a40a2d145e1741defdcfccbbc3ef3811845c7b616815c85f300c1c875d6f,P1,counterfactual_relevance_review;legal_policy_ambiguity_review,reconstruct_minimal_state_from_packet;enumerate_all_legal_sequences_from_public_contract,unassigned,
cand_it_038,it,data/annotations/candidate_packets_v2/cand_it_038.json,1c142f4b18b71c640ac6f2dbf5d0e96dec9b3b379243c3de5ea23c659669eecb,P1,counterfactual_relevance_review;legal_policy_ambiguity_review,reconstruct_minimal_state_from_packet;enumerate_all_legal_sequences_from_public_contract,unassigned,
cand_it_039,it,data/annotations/candidate_packets_v2/cand_it_039.json,10a57a9d610d942df49fdd73d38880d9de0bd99afd1bb1a36fb2cfb9fd69bed0,P1,counterfactual_relevance_review;legal_policy_ambiguity_review;interface_ordering_probe_hit,reconstruct_minimal_state_from_packet;enumerate_all_legal_sequences_from_public_contract;audit_public_interface_for_shallow_cues,unassigned,
cand_it_040,it,data/annotations/candidate_packets_v2/cand_it_040.json,70b472309f345d0a75d38e727f51484af8867004fa5d2c3fbbec427e06c302c3,P1,counterfactual_relevance_review;legal_policy_ambiguity_review,reconstruct_minimal_state_from_packet;enumerate_all_legal_sequences_from_public_contract,unassigned,
cand_procurement_003,procurement,data/annotations/candidate_packets_v2/cand_procurement_003.json,fd6f4dd4317bf725fdacffde314da811d230bee6c50b672503d853ffea78164e,P1,counterfactual_relevance_review;legal_policy_ambiguity_review,reconstruct_minimal_state_from_packet;enumerate_all_legal_sequences_from_public_contract,unassigned,
cand_procurement_005,procurement,data/annotations/candidate_packets_v2/cand_procurement_005.json,df378fd807c2bb07661b3d4c4090d7381627658b8557db49c14b5f148cd1f581,P1,counterfactual_relevance_review;legal_policy_ambiguity_review,reconstruct_minimal_state_from_packet;enumerate_all_legal_sequences_from_public_contract,unassigned,
cand_procurement_008,procurement,data/annotations/candidate_packets_v2/cand_procurement_008.json,e95bddceadaa34c97fc4a61d18b627495f442f282b779c258ce5f2f2e7c257b4,P1,counterfactual_relevance_review;legal_policy_ambiguity_review,reconstruct_minimal_state_from_packet;enumerate_all_legal_sequences_from_public_contract,unassigned,
cand_procurement_011,procurement,data/annotations/candidate_packets_v2/cand_procurement_011.json,6e66f4e2592fec56f9547b833885eee2c0bb3d441776c70dbe5e087434c768e3,P1,counterfactual_relevance_review;epistemic_semantics_review,reconstruct_minimal_state_from_packet;independently_check_status_scope_and_authority,unassigned,
cand_procurement_012,procurement,data/annotations/candidate_packets_v2/cand_procurement_012.json,9f1ebc6d2320f016fc0aa70083c1e79e0729b37b525331c74a134b1549bd560e,P1,counterfactual_relevance_review;legal_policy_ambiguity_review,reconstruct_minimal_state_from_packet;enumerate_all_legal_sequences_from_public_contract,unassigned,
cand_procurement_014,procurement,data/annotations/candidate_packets_v2/cand_procurement_014.json,5a222715be8da68a82fe299fc0a2a40d3c7cfa37ee1db0932c623d6e6879f9e1,P1,counterfactual_relevance_review;legal_policy_ambiguity_review,reconstruct_minimal_state_from_packet;enumerate_all_legal_sequences_from_public_contract,unassigned,
cand_procurement_016,procurement,data/annotations/candidate_packets_v2/cand_procurement_016.json,0543090dbf05e7a8928b17c2f7a2608d46b3b4457374633c25949989ea2ef037,P1,counterfactual_relevance_review;legal_policy_ambiguity_review;interface_ordering_probe_hit,reconstruct_minimal_state_from_packet;enumerate_all_legal_sequences_from_public_contract;audit_public_interface_for_shallow_cues,unassigned,
cand_procurement_017,procurement,data/annotations/candidate_packets_v2/cand_procurement_017.json,4bd6b3893acf3ff2e8814b9fda6dfc8d7704ef9215d2eef4a0f718c4a1fdd60e,P1,counterfactual_relevance_review;legal_policy_ambiguity_review,reconstruct_minimal_state_from_packet;enumerate_all_legal_sequences_from_public_contract,unassigned,
cand_procurement_018,procurement,data/annotations/candidate_packets_v2/cand_procurement_018.json,5affe74adb225b9f5df3d8cfda80937c8175f84fbe004bb00e887683e90eaa24,P1,counterfactual_relevance_review;legal_policy_ambiguity_review,reconstruct_minimal_state_from_packet;enumerate_all_legal_sequences_from_public_contract,unassigned,
cand_procurement_019,procurement,data/annotations/candidate_packets_v2/cand_procurement_019.json,e9652d7080b7a681faf0d935131f04f431360ec805ef49c2a120b1620a552637,P1,counterfactual_relevance_review;epistemic_semantics_review;interface_ordering_probe_hit,reconstruct_minimal_state_from_packet;independently_check_status_scope_and_authority;audit_public_interface_for_shallow_cues,unassigned,
cand_procurement_020,procurement,data/annotations/candidate_packets_v2/cand_procurement_020.json,399cfb9322479433a2a087412edf8a613b3e1ab9d65a3da53982e011c5b6a0dc,P1,counterfactual_relevance_review;legal_policy_ambiguity_review,reconstruct_minimal_state_from_packet;enumerate_all_legal_sequences_from_public_contract,unassigned,
cand_procurement_021,procurement,data/annotations/candidate_packets_v2/cand_procurement_021.json,ee06d1460e43beea5abf0c027d01cfdaaa89d6e802f3d4f3f3ff18ba84e55d2f,P1,counterfactual_relevance_review;legal_policy_ambiguity_review,reconstruct_minimal_state_from_packet;enumerate_all_legal_sequences_from_public_contract,unassigned,
cand_procurement_023,procurement,data/annotations/candidate_packets_v2/cand_procurement_023.json,935afee6cb2dd878de348435fd6ab035e8f2d3e037bff3da1e08d4948f839dcc,P1,counterfactual_relevance_review;legal_policy_ambiguity_review,reconstruct_minimal_state_from_packet;enumerate_all_legal_sequences_from_public_contract,unassigned,
cand_procurement_026,procurement,data/annotations/candidate_packets_v2/cand_procurement_026.json,451fbefd5a5fda14a86b71bc03436cccccd1bfc14df76e7bbf7349f1d15bf2d8,P1,counterfactual_relevance_review;legal_policy_ambiguity_review,reconstruct_minimal_state_from_packet;enumerate_all_legal_sequences_from_public_contract,unassigned,
cand_procurement_028,procurement,data/annotations/candidate_packets_v2/cand_procurement_028.json,1478eb40df1cb141e23ad1492184344051f0ab70205800c1c25a7258a0e8313f,P1,counterfactual_relevance_review;legal_policy_ambiguity_review;interface_ordering_probe_hit,reconstruct_minimal_state_from_packet;enumerate_all_legal_sequences_from_public_contract;audit_public_interface_for_shallow_cues,unassigned,
cand_procurement_029,procurement,data/annotations/candidate_packets_v2/cand_procurement_029.json,981c26315da04ce0f4d834fd57eacc2eb57b60df182fca35f99aa8abe0efcc75,P1,counterfactual_relevance_review;legal_policy_ambiguity_review,reconstruct_minimal_state_from_packet;enumerate_all_legal_sequences_from_public_contract,unassigned,
cand_procurement_030,procurement,data/annotations/candidate_packets_v2/cand_procurement_030.json,f464ccb84ce34669df116c1c590497e9e55ad050afabc93038bc33305eaee989,P1,counterfactual_relevance_review;legal_policy_ambiguity_review,reconstruct_minimal_state_from_packet;enumerate_all_legal_sequences_from_public_contract,unassigned,
cand_procurement_031,procurement,data/annotations/candidate_packets_v2/cand_procurement_031.json,c4740e4961dc6b7a9099df1dbdb63e69b324bc22ca67474b4e75c6574c27e1c9,P1,counterfactual_relevance_review;legal_policy_ambiguity_review;interface_ordering_probe_hit,reconstruct_minimal_state_from_packet;enumerate_all_legal_sequences_from_public_contract;audit_public_interface_for_shallow_cues,unassigned,
cand_procurement_032,procurement,data/annotations/candidate_packets_v2/cand_procurement_032.json,52929c5386741dd4bcf28a81701db2854fccf750b1c59989013a4b0a483cb540,P1,counterfactual_relevance_review;legal_policy_ambiguity_review,reconstruct_minimal_state_from_packet;enumerate_all_legal_sequences_from_public_contract,unassigned,
cand_procurement_035,procurement,data/annotations/candidate_packets_v2/cand_procurement_035.json,010bf358c50f97cafca5704df2ca51b84e70d073d9ff78d2fdfa069d53e9e815,P1,counterfactual_relevance_review;legal_policy_ambiguity_review,reconstruct_minimal_state_from_packet;enumerate_all_legal_sequences_from_public_contract,unassigned,
cand_procurement_036,procurement,data/annotations/candidate_packets_v2/cand_procurement_036.json,99443e03e85aadf9170d9d5355bfd806a4cbc9cd5e63920fc868a8bbe37a59cd,P1,counterfactual_relevance_review;legal_policy_ambiguity_review,reconstruct_minimal_state_from_packet;enumerate_all_legal_sequences_from_public_contract,unassigned,
cand_procurement_037,procurement,data/annotations/candidate_packets_v2/cand_procurement_037.json,66b028d955278b0ab3e1d36118a7a3f65c2a156ef76f36f27598a67cc42b78fa,P1,counterfactual_relevance_review;legal_policy_ambiguity_review;interface_ordering_probe_hit,reconstruct_minimal_state_from_packet;enumerate_all_legal_sequences_from_public_contract;audit_public_interface_for_shallow_cues,unassigned,
cand_procurement_038,procurement,data/annotations/candidate_packets_v2/cand_procurement_038.json,39e7e24db1afba05802bf55a10279dce5ed3436768d70d179e9d7b86e1b9ad2a,P1,counterfactual_relevance_review;legal_policy_ambiguity_review,reconstruct_minimal_state_from_packet;enumerate_all_legal_sequences_from_public_contract,unassigned,
cand_procurement_040,procurement,data/annotations/candidate_packets_v2/cand_procurement_040.json,0d6e3ccf5f5bdb4b645e4917d58e62c03fae38fb5d59e9fec5ae71c0da03b1d6,P1,counterfactual_relevance_review;legal_policy_ambiguity_review;interface_ordering_probe_hit,reconstruct_minimal_state_from_packet;enumerate_all_legal_sequences_from_public_contract;audit_public_interface_for_shallow_cues,unassigned,
cand_scheduling_001,scheduling,data/annotations/candidate_packets_v2/cand_scheduling_001.json,e5d09f7a93703a5347d0786e64352d488809a2da814eee38292fd54792ab0deb,P1,counterfactual_relevance_review;normalized_topology_review;interface_ordering_probe_hit,reconstruct_minimal_state_from_packet;compare_blind_workflow_logic_not_surface_words;audit_public_interface_for_shallow_cues,unassigned,
cand_scheduling_004,scheduling,data/annotations/candidate_packets_v2/cand_scheduling_004.json,498617f9631ecc66215e4903b7b4be7eadf140ee40ea8e5bf2f40f2281028b93,P1,counterfactual_relevance_review;normalized_topology_review;interface_ordering_probe_hit,reconstruct_minimal_state_from_packet;compare_blind_workflow_logic_not_surface_words;audit_public_interface_for_shallow_cues,unassigned,
cand_scheduling_010,scheduling,data/annotations/candidate_packets_v2/cand_scheduling_010.json,fae88a736d703961e41bcc70b6e019d95430bba0d408a609c646baae9d40315d,P1,counterfactual_relevance_review;normalized_topology_review;interface_ordering_probe_hit,reconstruct_minimal_state_from_packet;compare_blind_workflow_logic_not_surface_words;audit_public_interface_for_shallow_cues,unassigned,
cand_scheduling_013,scheduling,data/annotations/candidate_packets_v2/cand_scheduling_013.json,a19f7a6452685768c9bee0034461ce33dd7860eca392f3f57aeee81af8cd4b47,P1,counterfactual_relevance_review;normalized_topology_review;interface_ordering_probe_hit,reconstruct_minimal_state_from_packet;compare_blind_workflow_logic_not_surface_words;audit_public_interface_for_shallow_cues,unassigned,
cand_scheduling_016,scheduling,data/annotations/candidate_packets_v2/cand_scheduling_016.json,0e25066c6690fa29c4ca6ee75293b6333a8b2861ed789b7567e0bb91f8391c8e,P1,counterfactual_relevance_review;normalized_topology_review;interface_ordering_probe_hit,reconstruct_minimal_state_from_packet;compare_blind_workflow_logic_not_surface_words;audit_public_interface_for_shallow_cues,unassigned,
cand_scheduling_022,scheduling,data/annotations/candidate_packets_v2/cand_scheduling_022.json,a79de26debaf4a2dc20fabfedfd1483345b21461267fdd63c08158eb0a5bc742,P1,counterfactual_relevance_review;normalized_topology_review;interface_ordering_probe_hit,reconstruct_minimal_state_from_packet;compare_blind_workflow_logic_not_surface_words;audit_public_interface_for_shallow_cues,unassigned,
cand_scheduling_025,scheduling,data/annotations/candidate_packets_v2/cand_scheduling_025.json,9fd3a3de462aac6c5b0cb05fe005871dbdf837c7e724a7f6847b317b6e5530a1,P1,counterfactual_relevance_review;normalized_topology_review;interface_ordering_probe_hit,reconstruct_minimal_state_from_packet;compare_blind_workflow_logic_not_surface_words;audit_public_interface_for_shallow_cues,unassigned,
cand_scheduling_028,scheduling,data/annotations/candidate_packets_v2/cand_scheduling_028.json,26b224278021ffb3a167d894666108a3adcf34d64b1998defd8e3b959a509174,P1,counterfactual_relevance_review;normalized_topology_review;interface_ordering_probe_hit,reconstruct_minimal_state_from_packet;compare_blind_workflow_logic_not_surface_words;audit_public_interface_for_shallow_cues,unassigned,
cand_scheduling_031,scheduling,data/annotations/candidate_packets_v2/cand_scheduling_031.json,4a5d271d28201f96febec4a5a9aa178471977fcbbcce25b345ca9b2d80c6a1f4,P1,counterfactual_relevance_review;normalized_topology_review;interface_ordering_probe_hit,reconstruct_minimal_state_from_packet;compare_blind_workflow_logic_not_surface_words;audit_public_interface_for_shallow_cues,unassigned,
cand_scheduling_034,scheduling,data/annotations/candidate_packets_v2/cand_scheduling_034.json,a871ecf1154e86d5cd800909cf641f479a54c80b8bc5cea4cc5aede7c193249f,P1,counterfactual_relevance_review;normalized_topology_review;interface_ordering_probe_hit,reconstruct_minimal_state_from_packet;compare_blind_workflow_logic_not_surface_words;audit_public_interface_for_shallow_cues,unassigned,
cand_scheduling_037,scheduling,data/annotations/candidate_packets_v2/cand_scheduling_037.json,4710dc5a6d13415fb880772a74c25b45d04de0ea3239015cd5bfc01b5fcb5ba0,P1,counterfactual_relevance_review;normalized_topology_review;interface_ordering_probe_hit,reconstruct_minimal_state_from_packet;compare_blind_workflow_logic_not_surface_words;audit_public_interface_for_shallow_cues,unassigned,
cand_scheduling_040,scheduling,data/annotations/candidate_packets_v2/cand_scheduling_040.json,647264546cee15290018cce8e8ff08bd8ad240a3fa295b714b1cda5ede5a6a53,P1,counterfactual_relevance_review;normalized_topology_review;interface_ordering_probe_hit,reconstruct_minimal_state_from_packet;compare_blind_workflow_logic_not_surface_words;audit_public_interface_for_shallow_cues,unassigned,
cand_travel_001,travel,data/annotations/candidate_packets_v2/cand_travel_001.json,11707857209cf17a351aad5bd235f0d47f3a245af54f6edb7f9bdd86773e77bd,P1,counterfactual_relevance_review;normalized_topology_review;interface_ordering_probe_hit,reconstruct_minimal_state_from_packet;compare_blind_workflow_logic_not_surface_words;audit_public_interface_for_shallow_cues,unassigned,
cand_travel_004,travel,data/annotations/candidate_packets_v2/cand_travel_004.json,f08cd31bd16bde3a3b879f205eda5e4f455674417b11db5101e7fa013c06d570,P1,counterfactual_relevance_review;normalized_topology_review;interface_ordering_probe_hit,reconstruct_minimal_state_from_packet;compare_blind_workflow_logic_not_surface_words;audit_public_interface_for_shallow_cues,unassigned,
cand_travel_007,travel,data/annotations/candidate_packets_v2/cand_travel_007.json,3fbd4e4c273a34520b0767a81b67bc0c527c29cd2e698fa8bf78ab76e5025c09,P1,counterfactual_relevance_review;normalized_topology_review;interface_ordering_probe_hit,reconstruct_minimal_state_from_packet;compare_blind_workflow_logic_not_surface_words;audit_public_interface_for_shallow_cues,unassigned,
cand_travel_010,travel,data/annotations/candidate_packets_v2/cand_travel_010.json,72567f553047ccf60d7363306728104265cc1a73ca36c62fab11c8df7e07a57b,P1,counterfactual_relevance_review;normalized_topology_review;interface_ordering_probe_hit,reconstruct_minimal_state_from_packet;compare_blind_workflow_logic_not_surface_words;audit_public_interface_for_shallow_cues,unassigned,
cand_travel_016,travel,data/annotations/candidate_packets_v2/cand_travel_016.json,2d91e167e0571e1eee46e3af7d7ff6e4724d5b05c3cbd948a0bd3f1e17dd0ee1,P1,counterfactual_relevance_review;normalized_topology_review;interface_ordering_probe_hit,reconstruct_minimal_state_from_packet;compare_blind_workflow_logic_not_surface_words;audit_public_interface_for_shallow_cues,unassigned,
cand_commerce_002,commerce,data/annotations/candidate_packets_v2/cand_commerce_002.json,f936b3c2444b2a3bf73fc22287add57a4c9e519b4f96dcd3aa52bcc5efe5d745,P2,counterfactual_relevance_review;normalized_topology_review,reconstruct_minimal_state_from_packet;compare_blind_workflow_logic_not_surface_words,unassigned,
cand_commerce_003,commerce,data/annotations/candidate_packets_v2/cand_commerce_003.json,e75bd86f4270942b13c17b0dede5c93888c2926ead59820a589b72f08bd9309d,P2,counterfactual_relevance_review;normalized_topology_review,reconstruct_minimal_state_from_packet;compare_blind_workflow_logic_not_surface_words,unassigned,
cand_commerce_004,commerce,data/annotations/candidate_packets_v2/cand_commerce_004.json,c8c07284ae1c1a237bd556c7d7e6614258591b22cdf746c9ede249505cd29c2c,P2,counterfactual_relevance_review;interface_ordering_probe_hit,reconstruct_minimal_state_from_packet;audit_public_interface_for_shallow_cues,unassigned,
cand_commerce_006,commerce,data/annotations/candidate_packets_v2/cand_commerce_006.json,f53c4eb07543414a462e0150a9989ac9f64245f575101bbed68cba1af7cf5dc0,P2,counterfactual_relevance_review;normalized_topology_review,reconstruct_minimal_state_from_packet;compare_blind_workflow_logic_not_surface_words,unassigned,
cand_commerce_009,commerce,data/annotations/candidate_packets_v2/cand_commerce_009.json,1563d9918e86d3e03fd29c15b09c959a89799142e6010c3c07632d51e91e2df9,P2,counterfactual_relevance_review;normalized_topology_review,reconstruct_minimal_state_from_packet;compare_blind_workflow_logic_not_surface_words,unassigned,
cand_commerce_010,commerce,data/annotations/candidate_packets_v2/cand_commerce_010.json,007cd8a5db784a772c680916a9d1f3bfb0e87dcf7c140903c35c3dd944039e6a,P2,counterfactual_relevance_review;interface_ordering_probe_hit,reconstruct_minimal_state_from_packet;audit_public_interface_for_shallow_cues,unassigned,
cand_commerce_011,commerce,data/annotations/candidate_packets_v2/cand_commerce_011.json,b576b69b1c3aa8d72ca05db10d54e13e29404db30bb18b7311b4a460ce71968a,P2,counterfactual_relevance_review;normalized_topology_review,reconstruct_minimal_state_from_packet;compare_blind_workflow_logic_not_surface_words,unassigned,
cand_commerce_012,commerce,data/annotations/candidate_packets_v2/cand_commerce_012.json,231d21273e0db8116547c3eb27983c82f398c005b1ca49167699040ca1d99166,P2,counterfactual_relevance_review;normalized_topology_review,reconstruct_minimal_state_from_packet;compare_blind_workflow_logic_not_surface_words,unassigned,
cand_commerce_014,commerce,data/annotations/candidate_packets_v2/cand_commerce_014.json,faf1335419bf7e003f601c2e6092691e8a511ca4cdcd9e17adc9d884264143bf,P2,counterfactual_relevance_review;normalized_topology_review,reconstruct_minimal_state_from_packet;compare_blind_workflow_logic_not_surface_words,unassigned,
cand_commerce_017,commerce,data/annotations/candidate_packets_v2/cand_commerce_017.json,bb33f2e73177eaa095d06cfbd5369671c9ea46fb0f97a8f5037d6501bcf2c65a,P2,counterfactual_relevance_review;normalized_topology_review,reconstruct_minimal_state_from_packet;compare_blind_workflow_logic_not_surface_words,unassigned,
cand_commerce_018,commerce,data/annotations/candidate_packets_v2/cand_commerce_018.json,3607e8c23d7507f890b10dae9c0a82c5f4128f257f99d1f57a06efc3fee17b61,P2,counterfactual_relevance_review;normalized_topology_review,reconstruct_minimal_state_from_packet;compare_blind_workflow_logic_not_surface_words,unassigned,
cand_commerce_019,commerce,data/annotations/candidate_packets_v2/cand_commerce_019.json,69a1feb2144a3cd7b3c540ecf5441684a00a6342c3c8ec2a96d41b8fce61f495,P2,counterfactual_relevance_review;interface_ordering_probe_hit,reconstruct_minimal_state_from_packet;audit_public_interface_for_shallow_cues,unassigned,
cand_commerce_020,commerce,data/annotations/candidate_packets_v2/cand_commerce_020.json,74faa5c198960e79e8c9beadf992ba197c23b3f6489c9a649b7ce2e32687dce9,P2,counterfactual_relevance_review;normalized_topology_review,reconstruct_minimal_state_from_packet;compare_blind_workflow_logic_not_surface_words,unassigned,
cand_commerce_021,commerce,data/annotations/candidate_packets_v2/cand_commerce_021.json,078328b81826cecc93e9dd01587579ad9d3f94576525ad4a49d8d8228abb0b35,P2,counterfactual_relevance_review;normalized_topology_review,reconstruct_minimal_state_from_packet;compare_blind_workflow_logic_not_surface_words,unassigned,
cand_commerce_022,commerce,data/annotations/candidate_packets_v2/cand_commerce_022.json,d9beb03f329c480a5e8edc921639371b7d3f3be1cdca36b396acbc24d4c21582,P2,counterfactual_relevance_review;interface_ordering_probe_hit,reconstruct_minimal_state_from_packet;audit_public_interface_for_shallow_cues,unassigned,
cand_commerce_023,commerce,data/annotations/candidate_packets_v2/cand_commerce_023.json,2a5593acee9312a3ec17f5cc27835c3b8cbd56f6574847e80148c9491858945f,P2,counterfactual_relevance_review;normalized_topology_review,reconstruct_minimal_state_from_packet;compare_blind_workflow_logic_not_surface_words,unassigned,
cand_commerce_024,commerce,data/annotations/candidate_packets_v2/cand_commerce_024.json,cddc272568f2918f375d02ccaf3119e8bc95a228a6613152a4ec43bcc9dba7d5,P2,counterfactual_relevance_review;normalized_topology_review,reconstruct_minimal_state_from_packet;compare_blind_workflow_logic_not_surface_words,unassigned,
cand_commerce_027,commerce,data/annotations/candidate_packets_v2/cand_commerce_027.json,d8b94b30f40150331b35f1ccb6e90773a113cd2eef9e2f0dd26c6108717798c8,P2,counterfactual_relevance_review;normalized_topology_review,reconstruct_minimal_state_from_packet;compare_blind_workflow_logic_not_surface_words,unassigned,
cand_commerce_030,commerce,data/annotations/candidate_packets_v2/cand_commerce_030.json,6f4c934440ec02a4710b890d6c1e149d110820fb48cd565064d5bae1bcf8ac7b,P2,counterfactual_relevance_review;normalized_topology_review,reconstruct_minimal_state_from_packet;compare_blind_workflow_logic_not_surface_words,unassigned,
cand_commerce_034,commerce,data/annotations/candidate_packets_v2/cand_commerce_034.json,12b1c0afef87061b60f85780914c0380e826e8dd31154deb33b990fd03c4c1ac,P2,counterfactual_relevance_review;interface_ordering_probe_hit,reconstruct_minimal_state_from_packet;audit_public_interface_for_shallow_cues,unassigned,
cand_commerce_035,commerce,data/annotations/candidate_packets_v2/cand_commerce_035.json,11b0447a9e72fed8fc31ca9952281a8bf2830aa68cce24fa02c38deac5e285fb,P2,counterfactual_relevance_review;normalized_topology_review,reconstruct_minimal_state_from_packet;compare_blind_workflow_logic_not_surface_words,unassigned,
cand_commerce_036,commerce,data/annotations/candidate_packets_v2/cand_commerce_036.json,7f500b3390a167f0ef1320fe7f73b5054878a651fe87b416cedb3332de4135d5,P2,counterfactual_relevance_review;normalized_topology_review,reconstruct_minimal_state_from_packet;compare_blind_workflow_logic_not_surface_words,unassigned,
cand_commerce_037,commerce,data/annotations/candidate_packets_v2/cand_commerce_037.json,31c6c9b971e42c47d9afdcd87e65104cf287b7928137458fa51d82102f1d44b8,P2,counterfactual_relevance_review;interface_ordering_probe_hit,reconstruct_minimal_state_from_packet;audit_public_interface_for_shallow_cues,unassigned,
cand_commerce_039,commerce,data/annotations/candidate_packets_v2/cand_commerce_039.json,ce681d673c225b7193dc55d552385c2c5e4de199ac565019f5ee3813d5690425,P2,counterfactual_relevance_review;normalized_topology_review,reconstruct_minimal_state_from_packet;compare_blind_workflow_logic_not_surface_words,unassigned,
cand_it_018,it,data/annotations/candidate_packets_v2/cand_it_018.json,265d1011f800fa549485fc60f10aa3197ca908d56cf433eee15b002471134242,P2,counterfactual_relevance_review;interface_ordering_probe_hit,reconstruct_minimal_state_from_packet;audit_public_interface_for_shallow_cues,unassigned,
cand_it_021,it,data/annotations/candidate_packets_v2/cand_it_021.json,6b654e98e09473ff96121f527c70424309ab5c3c8e18c7d22089e9ee7c9df61c,P2,counterfactual_relevance_review;interface_ordering_probe_hit,reconstruct_minimal_state_from_packet;audit_public_interface_for_shallow_cues,unassigned,
cand_procurement_001,procurement,data/annotations/candidate_packets_v2/cand_procurement_001.json,87cca701d2db4d5148b2550cfb1cb311a4f087a106b273562798ec58166cc3aa,P2,counterfactual_relevance_review;interface_ordering_probe_hit,reconstruct_minimal_state_from_packet;audit_public_interface_for_shallow_cues,unassigned,
cand_procurement_004,procurement,data/annotations/candidate_packets_v2/cand_procurement_004.json,a2402189d7af78eb19e95c9bc23cecc83232c3c31e14d4a9b2cf31a43fa6e231,P2,counterfactual_relevance_review;interface_ordering_probe_hit,reconstruct_minimal_state_from_packet;audit_public_interface_for_shallow_cues,unassigned,
cand_procurement_010,procurement,data/annotations/candidate_packets_v2/cand_procurement_010.json,8de97e099f89f7a6c8731b7b77c7d18330fd2db16a6b5b3a46a9f67a08dc2c31,P2,counterfactual_relevance_review;interface_ordering_probe_hit,reconstruct_minimal_state_from_packet;audit_public_interface_for_shallow_cues,unassigned,
cand_procurement_013,procurement,data/annotations/candidate_packets_v2/cand_procurement_013.json,21ed75e5e164b670d81d6ed89a03b9f9f4b728b184a0fb74490f2d242cb722fe,P2,counterfactual_relevance_review;interface_ordering_probe_hit,reconstruct_minimal_state_from_packet;audit_public_interface_for_shallow_cues,unassigned,
cand_procurement_022,procurement,data/annotations/candidate_packets_v2/cand_procurement_022.json,fcbd684cd77c5d30aeef18039f2978b39be57a76f004d576b186ac28b5a95812,P2,counterfactual_relevance_review;interface_ordering_probe_hit,reconstruct_minimal_state_from_packet;audit_public_interface_for_shallow_cues,unassigned,
cand_procurement_025,procurement,data/annotations/candidate_packets_v2/cand_procurement_025.json,7dbb46b88d11df29dc1ad93f9a8ef8783755124416178f1d9285208ff5900879,P2,counterfactual_relevance_review;interface_ordering_probe_hit,reconstruct_minimal_state_from_packet;audit_public_interface_for_shallow_cues,unassigned,
cand_procurement_034,procurement,data/annotations/candidate_packets_v2/cand_procurement_034.json,8d50e8e914e1ae7ae2f0c7291b900b60ae1b40d70140c1d2b3810973bd367a1e,P2,counterfactual_relevance_review;interface_ordering_probe_hit,reconstruct_minimal_state_from_packet;audit_public_interface_for_shallow_cues,unassigned,
cand_scheduling_002,scheduling,data/annotations/candidate_packets_v2/cand_scheduling_002.json,2572990e08efcbc116475e6bc5e39c45aefa5af8fff44d9b17bd8401379523c5,P2,counterfactual_relevance_review;normalized_topology_review,reconstruct_minimal_state_from_packet;compare_blind_workflow_logic_not_surface_words,unassigned,
cand_scheduling_003,scheduling,data/annotations/candidate_packets_v2/cand_scheduling_003.json,fd0dcae696ec5de5a8e3b79501c8b2dcf6d4dabd577ecca362712a797ac08f95,P2,counterfactual_relevance_review;normalized_topology_review,reconstruct_minimal_state_from_packet;compare_blind_workflow_logic_not_surface_words,unassigned,
cand_scheduling_005,scheduling,data/annotations/candidate_packets_v2/cand_scheduling_005.json,025e3f11acea26f39a56f09ff8f6e2155df5f4cd69fb7e2eb563e6dc5c8a1433,P2,counterfactual_relevance_review;normalized_topology_review,reconstruct_minimal_state_from_packet;compare_blind_workflow_logic_not_surface_words,unassigned,
cand_scheduling_007,scheduling,data/annotations/candidate_packets_v2/cand_scheduling_007.json,31985f702f7d5f3fcd0dc6e466d113ac4bae7047080cb4a137739ebc2798b400,P2,counterfactual_relevance_review;interface_ordering_probe_hit,reconstruct_minimal_state_from_packet;audit_public_interface_for_shallow_cues,unassigned,
cand_scheduling_008,scheduling,data/annotations/candidate_packets_v2/cand_scheduling_008.json,14c09520c3569207fa08cf268d8397382cc790fbeefad47a6da94736d6f0820c,P2,counterfactual_relevance_review;normalized_topology_review,reconstruct_minimal_state_from_packet;compare_blind_workflow_logic_not_surface_words,unassigned,
cand_scheduling_011,scheduling,data/annotations/candidate_packets_v2/cand_scheduling_011.json,342fa5b69ec29aba934c11e1919e488f4de94fdff448da3a6426868f52731187,P2,counterfactual_relevance_review;normalized_topology_review,reconstruct_minimal_state_from_packet;compare_blind_workflow_logic_not_surface_words,unassigned,
cand_scheduling_014,scheduling,data/annotations/candidate_packets_v2/cand_scheduling_014.json,bb396ac97ac3267c97ebdbffc917a5342014bbda6ac92bb3cdc2bced79c012ee,P2,counterfactual_relevance_review;normalized_topology_review,reconstruct_minimal_state_from_packet;compare_blind_workflow_logic_not_surface_words,unassigned,
cand_scheduling_015,scheduling,data/annotations/candidate_packets_v2/cand_scheduling_015.json,d02071e31c553f5ad3c88efd6a129511e72a5976fec90006dadca97d628602fe,P2,counterfactual_relevance_review;normalized_topology_review,reconstruct_minimal_state_from_packet;compare_blind_workflow_logic_not_surface_words,unassigned,
cand_scheduling_017,scheduling,data/annotations/candidate_packets_v2/cand_scheduling_017.json,f8b209c879edd7e898ba81dc05ac62f341ff365f4c0a2cf8192f6d2f1c0494bf,P2,counterfactual_relevance_review;normalized_topology_review,reconstruct_minimal_state_from_packet;compare_blind_workflow_logic_not_surface_words,unassigned,
cand_scheduling_019,scheduling,data/annotations/candidate_packets_v2/cand_scheduling_019.json,c5e6c257d32564cb7c0750e878c481470acf8f3ead1ca65f89b692da355fb95b,P2,counterfactual_relevance_review;interface_ordering_probe_hit,reconstruct_minimal_state_from_packet;audit_public_interface_for_shallow_cues,unassigned,
cand_scheduling_023,scheduling,data/annotations/candidate_packets_v2/cand_scheduling_023.json,2b3bb07dea497094ab34ac79da01ec9f547a351981d73ee2730790fe95ad8cec,P2,counterfactual_relevance_review;normalized_topology_review,reconstruct_minimal_state_from_packet;compare_blind_workflow_logic_not_surface_words,unassigned,
cand_scheduling_026,scheduling,data/annotations/candidate_packets_v2/cand_scheduling_026.json,4739700a410176e9c429ea5f6124cd13452f761352ddd9d6eab1b9a6c48a3bc0,P2,counterfactual_relevance_review;normalized_topology_review,reconstruct_minimal_state_from_packet;compare_blind_workflow_logic_not_surface_words,unassigned,
cand_scheduling_032,scheduling,data/annotations/candidate_packets_v2/cand_scheduling_032.json,5b3e544f6527cbb309b9213eb678ce62f71eed3977b80c4dbf57765666c10171,P2,counterfactual_relevance_review;normalized_topology_review,reconstruct_minimal_state_from_packet;compare_blind_workflow_logic_not_surface_words,unassigned,
cand_scheduling_038,scheduling,data/annotations/candidate_packets_v2/cand_scheduling_038.json,f0add4aba852bad3189e15d2a73bd89551334ebac6cb61a68f260d6a3f4894eb,P2,counterfactual_relevance_review;normalized_topology_review,reconstruct_minimal_state_from_packet;compare_blind_workflow_logic_not_surface_words,unassigned,
cand_travel_005,travel,data/annotations/candidate_packets_v2/cand_travel_005.json,aef13ffb8f7eecf66c76df4e453a5128a0539ad897966f268cb0400baed5b061,P2,counterfactual_relevance_review;normalized_topology_review,reconstruct_minimal_state_from_packet;compare_blind_workflow_logic_not_surface_words,unassigned,
cand_travel_006,travel,data/annotations/candidate_packets_v2/cand_travel_006.json,2a177b6e7770efbad51162269b92a5fbf51fa35e619d5d9e8c81f1da6d4ed2dd,P2,counterfactual_relevance_review;normalized_topology_review,reconstruct_minimal_state_from_packet;compare_blind_workflow_logic_not_surface_words,unassigned,
cand_travel_008,travel,data/annotations/candidate_packets_v2/cand_travel_008.json,c26cad73d9024a0e87451b295b9e1fa1fbca456a72e9d24370d2e63505497131,P2,counterfactual_relevance_review;normalized_topology_review,reconstruct_minimal_state_from_packet;compare_blind_workflow_logic_not_surface_words,unassigned,
cand_travel_013,travel,data/annotations/candidate_packets_v2/cand_travel_013.json,d928ba3f6c02f09366014ced99e03d890db948f6166fe90afa80b622797eb05f,P2,counterfactual_relevance_review;interface_ordering_probe_hit,reconstruct_minimal_state_from_packet;audit_public_interface_for_shallow_cues,unassigned,
cand_travel_014,travel,data/annotations/candidate_packets_v2/cand_travel_014.json,bd781b75326ad70b105d01fb008d403d7fa675044a91dac0f89253ce5bbbe29b,P2,counterfactual_relevance_review;normalized_topology_review,reconstruct_minimal_state_from_packet;compare_blind_workflow_logic_not_surface_words,unassigned,
cand_travel_018,travel,data/annotations/candidate_packets_v2/cand_travel_018.json,4f7f7c2d30b9f4128840f337524ece6d74d90c71813598acd9d9bdad85b0f484,P2,counterfactual_relevance_review;normalized_topology_review,reconstruct_minimal_state_from_packet;compare_blind_workflow_logic_not_surface_words,unassigned,
cand_travel_019,travel,data/annotations/candidate_packets_v2/cand_travel_019.json,6d34900a6a6553fa6015d51fcc4c19f073e3cddc666f76db089e472179f94211,P2,counterfactual_relevance_review;interface_ordering_probe_hit,reconstruct_minimal_state_from_packet;audit_public_interface_for_shallow_cues,unassigned,
cand_travel_020,travel,data/annotations/candidate_packets_v2/cand_travel_020.json,1c6acfa86ce1213286298f5855f3790204cd570b601fa2157abb2681727ad5f0,P2,counterfactual_relevance_review;normalized_topology_review,reconstruct_minimal_state_from_packet;compare_blind_workflow_logic_not_surface_words,unassigned,
cand_travel_021,travel,data/annotations/candidate_packets_v2/cand_travel_021.json,ff6665c6080a725b681310fbec7aa789b1bfd981783c905e5a695ecf7de8d0f1,P2,counterfactual_relevance_review;normalized_topology_review,reconstruct_minimal_state_from_packet;compare_blind_workflow_logic_not_surface_words,unassigned,
cand_travel_022,travel,data/annotations/candidate_packets_v2/cand_travel_022.json,a5656ca3c8decddccb1592a53215a04853f69d91dfb9852a5c62134f30231046,P2,counterfactual_relevance_review;interface_ordering_probe_hit,reconstruct_minimal_state_from_packet;audit_public_interface_for_shallow_cues,unassigned,
cand_travel_023,travel,data/annotations/candidate_packets_v2/cand_travel_023.json,6c975bb474423590ebae7f9482a8b082d10090da6257c0d2d44f618d0b29832d,P2,counterfactual_relevance_review;normalized_topology_review,reconstruct_minimal_state_from_packet;compare_blind_workflow_logic_not_surface_words,unassigned,
cand_travel_025,travel,data/annotations/candidate_packets_v2/cand_travel_025.json,b378b9095f7e640c70e1ff30e6a475db17ed5937e4ff3ccdd7517a22dcc3ae21,P2,counterfactual_relevance_review;interface_ordering_probe_hit,reconstruct_minimal_state_from_packet;audit_public_interface_for_shallow_cues,unassigned,
cand_travel_027,travel,data/annotations/candidate_packets_v2/cand_travel_027.json,6a6e58aaea6828d25cc7b726216cbfa9b730ba61b8eecfcbd6b5268b04a08c0f,P2,counterfactual_relevance_review;normalized_topology_review,reconstruct_minimal_state_from_packet;compare_blind_workflow_logic_not_surface_words,unassigned,
cand_travel_028,travel,data/annotations/candidate_packets_v2/cand_travel_028.json,307b2a3e032b363c883c6c8c0fbc1a8c6a51f29c4a4871f65ad4600528be2eb9,P2,counterfactual_relevance_review;interface_ordering_probe_hit,reconstruct_minimal_state_from_packet;audit_public_interface_for_shallow_cues,unassigned,
cand_travel_029,travel,data/annotations/candidate_packets_v2/cand_travel_029.json,2317394f7163eb79b3928229d6e0878bb15e29ece58720f6da7cc09fe73759e4,P2,counterfactual_relevance_review;normalized_topology_review,reconstruct_minimal_state_from_packet;compare_blind_workflow_logic_not_surface_words,unassigned,
cand_travel_030,travel,data/annotations/candidate_packets_v2/cand_travel_030.json,43192750a235953e695905c593c2dca2dd66196519b81c8d19a33286272b1a22,P2,counterfactual_relevance_review;normalized_topology_review,reconstruct_minimal_state_from_packet;compare_blind_workflow_logic_not_surface_words,unassigned,
cand_travel_031,travel,data/annotations/candidate_packets_v2/cand_travel_031.json,aacb407c8b69efc633e5a6a12582f84c390fd57d3fab00379da4528641b4f181,P2,counterfactual_relevance_review;interface_ordering_probe_hit,reconstruct_minimal_state_from_packet;audit_public_interface_for_shallow_cues,unassigned,
cand_travel_033,travel,data/annotations/candidate_packets_v2/cand_travel_033.json,514b7687c5993b0df527a31f08c57511ef5f2066899d20cbdcf4c86389489771,P2,counterfactual_relevance_review;normalized_topology_review,reconstruct_minimal_state_from_packet;compare_blind_workflow_logic_not_surface_words,unassigned,
cand_travel_034,travel,data/annotations/candidate_packets_v2/cand_travel_034.json,22559736ff3facd3ef40b46e0e030f56c1756080f730be53bcf21354d09c6fe4,P2,counterfactual_relevance_review;interface_ordering_probe_hit,reconstruct_minimal_state_from_packet;audit_public_interface_for_shallow_cues,unassigned,
cand_travel_035,travel,data/annotations/candidate_packets_v2/cand_travel_035.json,bdc6cfbadc1551f7a3a09094b96b1b02d80c25a256f8fba58dc6b75c1eebb85d,P2,counterfactual_relevance_review;normalized_topology_review,reconstruct_minimal_state_from_packet;compare_blind_workflow_logic_not_surface_words,unassigned,
cand_travel_036,travel,data/annotations/candidate_packets_v2/cand_travel_036.json,24a32a870a60e6d7ca95cba44d33cced43a1bcbc88b7f0c9e22001728bd05d22,P2,counterfactual_relevance_review;normalized_topology_review,reconstruct_minimal_state_from_packet;compare_blind_workflow_logic_not_surface_words,unassigned,
cand_travel_037,travel,data/annotations/candidate_packets_v2/cand_travel_037.json,58d04c7708f0c421cb3087fdc9e357c38a5f97784feae1bcea477a4e5dbf3186,P2,counterfactual_relevance_review;interface_ordering_probe_hit,reconstruct_minimal_state_from_packet;audit_public_interface_for_shallow_cues,unassigned,
cand_travel_038,travel,data/annotations/candidate_packets_v2/cand_travel_038.json,8046764602d3fad9eabd3a762e6aac901971a234cdd84c043f652e7540c1a4a8,P2,counterfactual_relevance_review;normalized_topology_review,reconstruct_minimal_state_from_packet;compare_blind_workflow_logic_not_surface_words,unassigned,
cand_travel_039,travel,data/annotations/candidate_packets_v2/cand_travel_039.json,48a146ae2b441b50233f9908e95c9c76d912303b2a4a38e9c44ee0a0ccff8ac6,P2,counterfactual_relevance_review;normalized_topology_review,reconstruct_minimal_state_from_packet;compare_blind_workflow_logic_not_surface_words,unassigned,
cand_travel_040,travel,data/annotations/candidate_packets_v2/cand_travel_040.json,c09b3f072f8ed4b8b657bb9cc9c7c76aaf9512fbbb3417be447103c3ef50153f,P2,counterfactual_relevance_review;interface_ordering_probe_hit,reconstruct_minimal_state_from_packet;audit_public_interface_for_shallow_cues,unassigned,
cand_commerce_015,commerce,data/annotations/candidate_packets_v2/cand_commerce_015.json,32f74b89287b2651225c9d066110ae548f24666bcf08f2b90222738e0ca622d7,P3,counterfactual_relevance_review,reconstruct_minimal_state_from_packet,unassigned,
cand_commerce_026,commerce,data/annotations/candidate_packets_v2/cand_commerce_026.json,edc06477933cad0b2bff3d24b5c5be032467dcfe44f79e4619b4ee77f1dba920,P3,counterfactual_relevance_review,reconstruct_minimal_state_from_packet,unassigned,
cand_commerce_032,commerce,data/annotations/candidate_packets_v2/cand_commerce_032.json,b88ea9e008990f700ae4b99672a8abefe731309763d30ea7e1c7b18cb647d28e,P3,counterfactual_relevance_review,reconstruct_minimal_state_from_packet,unassigned,
cand_commerce_038,commerce,data/annotations/candidate_packets_v2/cand_commerce_038.json,5115a8a41ad065bf92448da8a17cae6cd5cfd1aabf3a4cbb6592fd38cff11dff,P3,counterfactual_relevance_review,reconstruct_minimal_state_from_packet,unassigned,
cand_it_001,it,data/annotations/candidate_packets_v2/cand_it_001.json,f2b155a94b142f9969c3623321e0da82117f70729c25bb89cef8d0425f6c248b,P3,counterfactual_relevance_review,reconstruct_minimal_state_from_packet,unassigned,
cand_it_005,it,data/annotations/candidate_packets_v2/cand_it_005.json,4026bfa8fb7ce9dad2c5d76d47aaa2e5b3f3c51b5f50a472ef847ca2b3295088,P3,counterfactual_relevance_review,reconstruct_minimal_state_from_packet,unassigned,
cand_it_031,it,data/annotations/candidate_packets_v2/cand_it_031.json,bafc0dc1c9d0e9e2c46287e7a731e691e509b553892074e9d09f98e07694c74d,P3,counterfactual_relevance_review,reconstruct_minimal_state_from_packet,unassigned,
cand_procurement_002,procurement,data/annotations/candidate_packets_v2/cand_procurement_002.json,8413d286e77058ad24951fb6dc6b4ac75433cd11896b64f2882ef240a51f9af6,P3,counterfactual_relevance_review,reconstruct_minimal_state_from_packet,unassigned,
cand_procurement_006,procurement,data/annotations/candidate_packets_v2/cand_procurement_006.json,230e810e77c2d7944ffd0fc738d1dee05ed0b66d1570f5843fc18ea5689ddb6b,P3,counterfactual_relevance_review,reconstruct_minimal_state_from_packet,unassigned,
cand_procurement_009,procurement,data/annotations/candidate_packets_v2/cand_procurement_009.json,0fb5b3b47f7447053053dfac18110ec8cd1cd92d82c169287c1d87fa41e7276e,P3,counterfactual_relevance_review,reconstruct_minimal_state_from_packet,unassigned,
cand_procurement_015,procurement,data/annotations/candidate_packets_v2/cand_procurement_015.json,6ae9a625de2d3317fe63a742d94a49c93fb94c47589f19747b281021247c0912,P3,counterfactual_relevance_review,reconstruct_minimal_state_from_packet,unassigned,
cand_procurement_024,procurement,data/annotations/candidate_packets_v2/cand_procurement_024.json,fc845bfddc1ef61b9421191fea5c895af35fd0662f061804b34b10b6696ec9ec,P3,counterfactual_relevance_review,reconstruct_minimal_state_from_packet,unassigned,
cand_procurement_027,procurement,data/annotations/candidate_packets_v2/cand_procurement_027.json,2531542b6bf526692842da9e8b3607c5cd9aa27b3cd9d83002123fb69fc5a6dc,P3,counterfactual_relevance_review,reconstruct_minimal_state_from_packet,unassigned,
cand_procurement_033,procurement,data/annotations/candidate_packets_v2/cand_procurement_033.json,528f95c03f815ec05969b5c883381733b5c3eb4323d2b8ce6bf55dfbb11f1ac4,P3,counterfactual_relevance_review,reconstruct_minimal_state_from_packet,unassigned,
cand_procurement_039,procurement,data/annotations/candidate_packets_v2/cand_procurement_039.json,1881fd40908517e930bbcd83104fe192fc34bce4f6895bea6627a206f4debc63,P3,counterfactual_relevance_review,reconstruct_minimal_state_from_packet,unassigned,
cand_scheduling_006,scheduling,data/annotations/candidate_packets_v2/cand_scheduling_006.json,f2575ec3671c52165c6baf09e0bae34ebb5c9c512931cf4f619fe102ce3ca0dc,P3,counterfactual_relevance_review,reconstruct_minimal_state_from_packet,unassigned,
cand_scheduling_009,scheduling,data/annotations/candidate_packets_v2/cand_scheduling_009.json,8ceeb14ecf71b344934861e47c340b02de9b40d0ba067ac1ef10362c4d53fd62,P3,counterfactual_relevance_review,reconstruct_minimal_state_from_packet,unassigned,
cand_scheduling_012,scheduling,data/annotations/candidate_packets_v2/cand_scheduling_012.json,5cf46227dcb6b2a62a2905e82885debb6e6fef2ae4393c6e32db2dcb1faf70a0,P3,counterfactual_relevance_review,reconstruct_minimal_state_from_packet,unassigned,
cand_scheduling_018,scheduling,data/annotations/candidate_packets_v2/cand_scheduling_018.json,c80a061816d90b937d95eedcd91751e3bb202aa67fe4cfd1875de0dafecade87,P3,counterfactual_relevance_review,reconstruct_minimal_state_from_packet,unassigned,
cand_scheduling_020,scheduling,data/annotations/candidate_packets_v2/cand_scheduling_020.json,8f7ec2ac5ce2c5ec9a540f99260a453149fc43f74ad25ee0be2ea5a5b6391f04,P3,counterfactual_relevance_review,reconstruct_minimal_state_from_packet,unassigned,
cand_scheduling_021,scheduling,data/annotations/candidate_packets_v2/cand_scheduling_021.json,358e3af5fa0514806cbccca9824f5e1a6d6064f764eafff8ce4d67a278e6ebef,P3,counterfactual_relevance_review,reconstruct_minimal_state_from_packet,unassigned,
cand_scheduling_024,scheduling,data/annotations/candidate_packets_v2/cand_scheduling_024.json,562d51ad4884c70632d901a3e25624e6c3484f4edbeadc5db08ccc7bd997f65e,P3,counterfactual_relevance_review,reconstruct_minimal_state_from_packet,unassigned,
cand_scheduling_027,scheduling,data/annotations/candidate_packets_v2/cand_scheduling_027.json,cb46c0d06e5e599a14ee9692346e1dcf3c4cd976e349667919b9b2d7e471f735,P3,counterfactual_relevance_review,reconstruct_minimal_state_from_packet,unassigned,
cand_scheduling_029,scheduling,data/annotations/candidate_packets_v2/cand_scheduling_029.json,e0cd1db5c626a239195f87bcd1c54d204cecff5bd0321bc1c99ded8ec5432ceb,P3,counterfactual_relevance_review,reconstruct_minimal_state_from_packet,unassigned,
cand_scheduling_030,scheduling,data/annotations/candidate_packets_v2/cand_scheduling_030.json,515fb02f52ceeca06ceab730f2a0361a06a35633d46a9c753c23de8c5927cfbf,P3,counterfactual_relevance_review,reconstruct_minimal_state_from_packet,unassigned,
cand_scheduling_033,scheduling,data/annotations/candidate_packets_v2/cand_scheduling_033.json,400cf9ed24f1040b489af6ada1e1b47a7712c8ac0fe50c177668fb57132e53c1,P3,counterfactual_relevance_review,reconstruct_minimal_state_from_packet,unassigned,
cand_scheduling_035,scheduling,data/annotations/candidate_packets_v2/cand_scheduling_035.json,f74f9ac7329bd69ec077d71d476bc5226e52ef25ab9b3dddc312fbf6e8e0df6c,P3,counterfactual_relevance_review,reconstruct_minimal_state_from_packet,unassigned,
cand_scheduling_036,scheduling,data/annotations/candidate_packets_v2/cand_scheduling_036.json,101c8381d5eb762d9f4bc63d9dcd57d18fd07af24fc06433c31e2710f22b0697,P3,counterfactual_relevance_review,reconstruct_minimal_state_from_packet,unassigned,
cand_scheduling_039,scheduling,data/annotations/candidate_packets_v2/cand_scheduling_039.json,819b947bf4b5ad494c80ba0a3f01e99c4c69bfa97b2c2426b4f1286a59947020,P3,counterfactual_relevance_review,reconstruct_minimal_state_from_packet,unassigned,
cand_travel_002,travel,data/annotations/candidate_packets_v2/cand_travel_002.json,7dcfbf5ae157f81d6be1ff12b54108f330bddd6d985a689b3d34a6bb58f136b6,P3,counterfactual_relevance_review,reconstruct_minimal_state_from_packet,unassigned,
cand_travel_003,travel,data/annotations/candidate_packets_v2/cand_travel_003.json,a0073513b436919094db9d8525dae52311a466fba186520fefa166906a7cd364,P3,counterfactual_relevance_review,reconstruct_minimal_state_from_packet,unassigned,
cand_travel_009,travel,data/annotations/candidate_packets_v2/cand_travel_009.json,18e5deab5c34bbbbd6d2acae981f9e16fc75da1278e8db839e41749e18d1d913,P3,counterfactual_relevance_review,reconstruct_minimal_state_from_packet,unassigned,
cand_travel_011,travel,data/annotations/candidate_packets_v2/cand_travel_011.json,96dc0064e07c70cf486068c132b1bf5e40a9cf02d7686715cb99e967e8682d2d,P3,counterfactual_relevance_review,reconstruct_minimal_state_from_packet,unassigned,
cand_travel_012,travel,data/annotations/candidate_packets_v2/cand_travel_012.json,91ee9d8c9d63d43739918d79f5c0498b2b0dc6e45aa3e3f1b0e6f089b067ad2b,P3,counterfactual_relevance_review,reconstruct_minimal_state_from_packet,unassigned,
cand_travel_015,travel,data/annotations/candidate_packets_v2/cand_travel_015.json,8a3b36391e2df4c23bfce47b0e5b968d9739a2e4f6f066c046ed8105e0f4b149,P3,counterfactual_relevance_review,reconstruct_minimal_state_from_packet,unassigned,
cand_travel_017,travel,data/annotations/candidate_packets_v2/cand_travel_017.json,9e6c54ff51f8d0588c7379afff2ae8472364a1891382290455044404e91de1f5,P3,counterfactual_relevance_review,reconstruct_minimal_state_from_packet,unassigned,
cand_travel_024,travel,data/annotations/candidate_packets_v2/cand_travel_024.json,73d79af92e63b6ddc657b8785ee5d3810cee02ecaf5d611b824244cf65b2d800,P3,counterfactual_relevance_review,reconstruct_minimal_state_from_packet,unassigned,
cand_travel_026,travel,data/annotations/candidate_packets_v2/cand_travel_026.json,1d4883e9d6b766c67af0ad20782e9f943d03f488e3a4fd17f80ada876c4d7bc7,P3,counterfactual_relevance_review,reconstruct_minimal_state_from_packet,unassigned,
cand_travel_032,travel,data/annotations/candidate_packets_v2/cand_travel_032.json,cafabfb35cd3cc70e3f6727850239182abbe8c788cc877de1c9607d8e9a84507,P3,counterfactual_relevance_review,reconstruct_minimal_state_from_packet,unassigned,
